{
  "RECORDS": [
    {
      "id": "guanxi1",
      "startCoord": [113.8802286204, 22.8820916923],
      "targetCoord": [113.8837197579, 22.8838414442]
    },
    {
      "id": "guanxi2",
      "startCoord": [113.8769227479, 22.8758892933],
      "targetCoord": [113.8810763682, 22.8774696514]
    }
  ]
}
